Statistic,Urban_LST_C,Rural_LST_C
Mean,17.959858802664822,12.062866487843717
Median,18.55000000000001,14.150000000000034
Max,18.850000000000023,18.450000000000045
